{"game/avg_pieces_100":157.42,"_runtime":416,"game/avg_score_100":600.97,"game/best_lines_100":138,"game/avg_lines_100":47.74,"model/epsilon":0.001,"_timestamp":1.7830664938195198e+09,"epoch":3000,"_wandb":{"runtime":416},"game/avg_rewards_100":713.09,"_step":29,"model/loss":227.31845086745608}