{"game/best_lines_100":44,"epoch":3000,"game/avg_lines_100":7.06,"game/avg_rewards_100":188.3,"model/loss":591.7321552705916,"_step":29,"game/avg_score_100":141.69,"game/avg_pieces_100":52.55,"_wandb":{"runtime":316},"model/epsilon":0.001,"_timestamp":1.7830605207598252e+09,"_runtime":316}