{"game/avg_pieces_100":40.56,"game/avg_score_100":26.38,"_step":29,"game/best_lines_100":8,"model/loss":848.1601079680429,"_runtime":454,"model/epsilon":0.001,"game/avg_rewards_100":63.77,"_timestamp":1.7830600483821738e+09,"game/avg_lines_100":2.05,"_wandb":{"runtime":454},"epoch":3000}