{"game/avg_rewards_100":1510.4,"_step":29,"_timestamp":1.7830682642922497e+09,"game/best_lines_100":917,"_wandb":{"runtime":492},"model/epsilon":0.001,"model/loss":937.4760293702624,"game/avg_score_100":1354.07,"game/avg_lines_100":66.02,"epoch":3000,"_runtime":492,"game/avg_pieces_100":200.96}