{"game/avg_rewards_100":1125.9823044000036,"game/best_lines_100":440,"_runtime":508,"game/avg_lines_100":39.97,"model/loss":815.7914908409118,"game/avg_score_100":936.29,"_step":29,"_timestamp":1.7839578867681854e+09,"model/epsilon":0.001,"_wandb":{"runtime":508},"epoch":3000,"game/avg_pieces_100":135.34}