{"game/avg_rewards_100":468.41,"game/best_lines_100":115,"_timestamp":1.7830619447794385e+09,"epoch":3000,"game/avg_pieces_100":97.61,"_wandb":{"runtime":375},"_runtime":375,"_step":29,"game/avg_lines_100":24.56,"game/avg_score_100":391.57,"model/loss":1345.7342633333965,"model/epsilon":0.001}