{"game/avg_pieces_100":198.13,"game/best_lines_100":788,"game/avg_score_100":1224.51,"_timestamp":1.7830610527496495e+09,"game/avg_lines_100":66.1,"_runtime":461,"model/loss":547.2235267552572,"_step":29,"game/avg_rewards_100":1373.85,"model/epsilon":0.001,"_wandb":{"runtime":461},"epoch":3000}