{"_wandb":{"runtime":15},"game/best_lines_100":1,"game/avg_score_100":0.22,"model/loss":0,"game/avg_pieces_100":17.81,"game/avg_lines_100":0.02,"_step":3,"model/epsilon":0.8006994999999999,"_timestamp":1.7830601541893659e+09,"_runtime":15,"game/avg_rewards_100":-447.0587999999999,"epoch":400}