{"game/avg_score_100":767.74,"game/avg_lines_100":35.4,"game/best_lines_100":2338,"_runtime":29044,"_timestamp":1.7839876586781478e+09,"game/avg_rewards_100":940.2033758500007,"_step":29,"model/epsilon":0.001,"_wandb":{"runtime":29044},"game/avg_pieces_100":121.36,"model/loss":1314.0851672077179,"epoch":3000}