{"game/avg_pieces_100":133.19,"game/avg_score_100":534.8,"game/best_lines_100":274,"game/avg_lines_100":40.29,"_step":29,"game/avg_rewards_100":630.78,"model/epsilon":0.001,"epoch":3000,"model/loss":764.6357762871393,"_runtime":401,"_wandb":{"runtime":401},"_timestamp":1.7830653959404325e+09}