{"model/loss":861.533266745976,"game/best_lines_100":338,"game/avg_rewards_100":586.79,"_timestamp":1.7830671213310313e+09,"game/avg_score_100":488.47,"game/avg_lines_100":39.93,"model/epsilon":0.001,"_step":29,"epoch":3000,"game/avg_pieces_100":137.24,"_wandb":{"runtime":590},"_runtime":590}