{"_runtime":370,"game/avg_pieces_100":57.57,"game/best_lines_100":32,"_timestamp":1.7830659978898551e+09,"game/avg_score_100":120.89,"model/loss":272.8654393934825,"game/avg_rewards_100":170.34,"_wandb":{"runtime":370},"_step":29,"model/epsilon":0.01,"game/avg_lines_100":8.19,"epoch":3000}